Id,IsDeleted,MasterRecordId,Name,Type,ParentId,BillingStreet,BillingCity,BillingState,BillingPostalCode,BillingCountry,BillingLatitude,BillingLongitude,BillingGeocodeAccuracy,BillingAddress,ShippingStreet,ShippingCity,ShippingState,ShippingPostalCode,ShippingCountry,ShippingLatitude,ShippingLongitude,ShippingGeocodeAccuracy,ShippingAddress,Phone,Fax,AccountNumber,Website,PhotoUrl,Sic,Industry,AnnualRevenue,NumberOfEmployees,Ownership,TickerSymbol,Description,Rating,Site,OwnerId,CreatedDate,CreatedById,LastModifiedDate,LastModifiedById,SystemModstamp,LastActivityDate,LastViewedDate,LastReferencedDate,Jigsaw,JigsawCompanyId,CleanStatus,AccountSource,DunsNumber,Tradestyle,NaicsCode,NaicsDesc,YearStarted,SicDesc,DandbCompanyId,OperatingHoursId,Username__c
0012100000lErCvAAK,,,Reema Karr,Customer,,4766 E Whitmore Ave,Ceres,CA,95307,USA,,,,"{""city"":""Ceres"",""country"":""USA"",""geocodeAccuracy"":null,""latitude"":null,""longitude"":null,""postalCode"":""95307"",""state"":""CA"",""street"":""4766 E Whitmore Ave""}",4766 E Whitmore Ave,Ceres,CA,95307,USA,,,,"{""city"":""Ceres"",""country"":""USA"",""geocodeAccuracy"":null,""latitude"":null,""longitude"":null,""postalCode"":""95307"",""state"":""CA"",""street"":""4766 E Whitmore Ave""}",(555) 797-8695,,,,/services/images/photo/0012100000lErCvAAK,,,,,,,,,,00521000003HEFmAAO,2019-11-16T23:51:45.000+0000,00521000003HEFmAAO,2019-11-16T23:51:45.000+0000,00521000003HEFmAAO,2019-11-16T23:51:45.000+0000,,2019-11-16T23:51:45.000+0000,2019-11-16T23:51:45.000+0000,,,Pending,,,,,,,,,,reemakarr
0012100000lErCNAA0,,,Darrel Mcwherter,Customer,,620 N Westmoreland Rd,DeSoto,TX,75115,USA,,,,"{""city"":""DeSoto"",""country"":""USA"",""geocodeAccuracy"":null,""latitude"":null,""longitude"":null,""postalCode"":""75115"",""state"":""TX"",""street"":""620 N Westmoreland Rd""}",620 N Westmoreland Rd,DeSoto,TX,75115,USA,,,,"{""city"":""DeSoto"",""country"":""USA"",""geocodeAccuracy"":null,""latitude"":null,""longitude"":null,""postalCode"":""75115"",""state"":""TX"",""street"":""620 N Westmoreland Rd""}",(555) 585-7868,,,,/services/images/photo/0012100000lErCNAA0,,,,,,,,,,00521000003HEFmAAO,2019-11-16T23:51:41.000+0000,00521000003HEFmAAO,2019-11-16T23:51:41.000+0000,00521000003HEFmAAO,2019-11-16T23:51:42.000+0000,,2019-11-16T23:51:42.000+0000,2019-11-16T23:51:42.000+0000,,,Pending,,,,,,,,,,darrel.mcwherter
0012100000lErCOAA0,,,Shaniqua Abercrombie,Customer,,4301 West Boy Scout Blvd,Tampa,FL,33607,USA,,,,"{""city"":""Tampa"",""country"":""USA"",""geocodeAccuracy"":null,""latitude"":null,""longitude"":null,""postalCode"":""33607"",""state"":""FL"",""street"":""4301 West Boy Scout Blvd""}",4301 West Boy Scout Blvd,Tampa,FL,33607,USA,,,,"{""city"":""Tampa"",""country"":""USA"",""geocodeAccuracy"":null,""latitude"":null,""longitude"":null,""postalCode"":""33607"",""state"":""FL"",""street"":""4301 West Boy Scout Blvd""}",(555) 238-8610,,,,/services/images/photo/0012100000lErCOAA0,,,,,,,,,,00521000003HEFmAAO,2019-11-16T23:51:41.000+0000,00521000003HEFmAAO,2019-11-16T23:51:41.000+0000,00521000003HEFmAAO,2019-11-16T23:51:42.000+0000,,2019-11-16T23:51:42.000+0000,2019-11-16T23:51:42.000+0000,,,Pending,,,,,,,,,,shaniqua.abercrombie
0012100000lErCPAA0,,,Charmaine Silas,Customer,,22750 N May Ave,Edmond,OK,73025,USA,,,,"{""city"":""Edmond"",""country"":""USA"",""geocodeAccuracy"":null,""latitude"":null,""longitude"":null,""postalCode"":""73025"",""state"":""OK"",""street"":""22750 N May Ave""}",22750 N May Ave,Edmond,OK,73025,USA,,,,"{""city"":""Edmond"",""country"":""USA"",""geocodeAccuracy"":null,""latitude"":null,""longitude"":null,""postalCode"":""73025"",""state"":""OK"",""street"":""22750 N May Ave""}",(555) 237-3625,,,,/services/images/photo/0012100000lErCPAA0,,,,,,,,,,00521000003HEFmAAO,2019-11-16T23:51:41.000+0000,00521000003HEFmAAO,2019-11-16T23:51:41.000+0000,00521000003HEFmAAO,2019-11-16T23:51:42.000+0000,,2019-11-16T23:51:42.000+0000,2019-11-16T23:51:42.000+0000,,,Pending,,,,,,,,,,charmaine.silas
0012100000lErCQAA0,,,Carmelita Ramshur,Customer,,8629 238th Road,Nortonville,KS,66060,USA,,,,"{""city"":""Nortonville"",""country"":""USA"",""geocodeAccuracy"":null,""latitude"":null,""longitude"":null,""postalCode"":""66060"",""state"":""KS"",""street"":""8629 238th Road""}",8629 238th Road,Nortonville,KS,66060,USA,,,,"{""city"":""Nortonville"",""country"":""USA"",""geocodeAccuracy"":null,""latitude"":null,""longitude"":null,""postalCode"":""66060"",""state"":""KS"",""street"":""8629 238th Road""}",(555) 761-2465,,,,/services/images/photo/0012100000lErCQAA0,,,,,,,,,,00521000003HEFmAAO,2019-11-16T23:51:41.000+0000,00521000003HEFmAAO,2019-11-16T23:51:41.000+0000,00521000003HEFmAAO,2019-11-16T23:51:42.000+0000,,2019-11-16T23:51:42.000+0000,2019-11-16T23:51:42.000+0000,,,Pending,,,,,,,,,,carmelita.ramshur
0012100000lErCRAA0,,,Jammie Krell,Customer,,7139 Kilback Mountains,Antonito,CO,81120,USA,,,,"{""city"":""Antonito"",""country"":""USA"",""geocodeAccuracy"":null,""latitude"":null,""longitude"":null,""postalCode"":""81120"",""state"":""CO"",""street"":""7139 Kilback Mountains""}",7139 Kilback Mountains,Antonito,CO,81120,USA,,,,"{""city"":""Antonito"",""country"":""USA"",""geocodeAccuracy"":null,""latitude"":null,""longitude"":null,""postalCode"":""81120"",""state"":""CO"",""street"":""7139 Kilback Mountains""}",(555) 705-9281,,,,/services/images/photo/0012100000lErCRAA0,,,,,,,,,,00521000003HEFmAAO,2019-11-16T23:51:41.000+0000,00521000003HEFmAAO,2019-11-16T23:51:41.000+0000,00521000003HEFmAAO,2019-11-16T23:51:42.000+0000,,2019-11-16T23:51:42.000+0000,2019-11-16T23:51:42.000+0000,,,Pending,,,,,,,,,,jammie.krell
0012100000lErCSAA0,,,Dylan Caminero,Customer,,7452 30th Avenue Northeast,Willow City,ND,58384,USA,,,,"{""city"":""Willow City"",""country"":""USA"",""geocodeAccuracy"":null,""latitude"":null,""longitude"":null,""postalCode"":""58384"",""state"":""ND"",""street"":""7452 30th Avenue Northeast""}",7452 30th Avenue Northeast,Willow City,ND,58384,USA,,,,"{""city"":""Willow City"",""country"":""USA"",""geocodeAccuracy"":null,""latitude"":null,""longitude"":null,""postalCode"":""58384"",""state"":""ND"",""street"":""7452 30th Avenue Northeast""}",(555) 902-3102,,,,/services/images/photo/0012100000lErCSAA0,,,,,,,,,,00521000003HEFmAAO,2019-11-16T23:51:41.000+0000,00521000003HEFmAAO,2019-11-16T23:51:41.000+0000,00521000003HEFmAAO,2019-11-16T23:51:42.000+0000,,2019-11-16T23:51:42.000+0000,2019-11-16T23:51:42.000+0000,,,Pending,,,,,,,,,,dylan.caminero
0012100000lErCTAA0,,,Nadine Schwartzbach,Customer,,1442 2nd Street,Santa Monica,CA,90401,USA,,,,"{""city"":""Santa Monica"",""country"":""USA"",""geocodeAccuracy"":null,""latitude"":null,""longitude"":null,""postalCode"":""90401"",""state"":""CA"",""street"":""1442 2nd Street""}",1442 2nd Street,Santa Monica,CA,90401,USA,,,,"{""city"":""Santa Monica"",""country"":""USA"",""geocodeAccuracy"":null,""latitude"":null,""longitude"":null,""postalCode"":""90401"",""state"":""CA"",""street"":""1442 2nd Street""}",(555) 441-3164,,,,/services/images/photo/0012100000lErCTAA0,,,,,,,,,,00521000003HEFmAAO,2019-11-16T23:51:41.000+0000,00521000003HEFmAAO,2019-11-16T23:51:41.000+0000,00521000003HEFmAAO,2019-11-16T23:51:42.000+0000,,2019-11-16T23:51:42.000+0000,2019-11-16T23:51:42.000+0000,,,Pending,,,,,,,,,,nadine.schwartzbach
0012100000lErCUAA0,,,Christeen Orloff,Customer,,84 Ocean Drive,Forest Home,AL,36030,USA,,,,"{""city"":""Forest Home"",""country"":""USA"",""geocodeAccuracy"":null,""latitude"":null,""longitude"":null,""postalCode"":""36030"",""state"":""AL"",""street"":""84 Ocean Drive""}",84 Ocean Drive,Forest Home,AL,36030,USA,,,,"{""city"":""Forest Home"",""country"":""USA"",""geocodeAccuracy"":null,""latitude"":null,""longitude"":null,""postalCode"":""36030"",""state"":""AL"",""street"":""84 Ocean Drive""}",(555) 714-3240,,,,/services/images/photo/0012100000lErCUAA0,,,,,,,,,,00521000003HEFmAAO,2019-11-16T23:51:41.000+0000,00521000003HEFmAAO,2019-11-16T23:51:41.000+0000,00521000003HEFmAAO,2019-11-16T23:51:42.000+0000,,2019-11-16T23:51:42.000+0000,2019-11-16T23:51:42.000+0000,,,Pending,,,,,,,,,,christeen.orloff
0012100000lErCVAA0,,,Winnie Epps,Customer,,23 Browns Lake Road,Helmville,MT,59843,USA,,,,"{""city"":""Helmville"",""country"":""USA"",""geocodeAccuracy"":null,""latitude"":null,""longitude"":null,""postalCode"":""59843"",""state"":""MT"",""street"":""23 Browns Lake Road""}",23 Browns Lake Road,Helmville,MT,59843,USA,,,,"{""city"":""Helmville"",""country"":""USA"",""geocodeAccuracy"":null,""latitude"":null,""longitude"":null,""postalCode"":""59843"",""state"":""MT"",""street"":""23 Browns Lake Road""}",(555) 910-1234,,,,/services/images/photo/0012100000lErCVAA0,,,,,,,,,,00521000003HEFmAAO,2019-11-16T23:51:41.000+0000,00521000003HEFmAAO,2019-11-16T23:51:41.000+0000,00521000003HEFmAAO,2019-11-16T23:51:42.000+0000,,2019-11-16T23:51:42.000+0000,2019-11-16T23:51:42.000+0000,,,Pending,,,,,,,,,,winnie.epps
0012100000lErCWAA0,,,Rachele Illian,Customer,,300 Spectrum Center Drive,Irvine,CA,92618,USA,,,,"{""city"":""Irvine"",""country"":""USA"",""geocodeAccuracy"":null,""latitude"":null,""longitude"":null,""postalCode"":""92618"",""state"":""CA"",""street"":""300 Spectrum Center Drive""}",300 Spectrum Center Drive,Irvine,CA,92618,USA,,,,"{""city"":""Irvine"",""country"":""USA"",""geocodeAccuracy"":null,""latitude"":null,""longitude"":null,""postalCode"":""92618"",""state"":""CA"",""street"":""300 Spectrum Center Drive""}",(555) 993-1362,,,,/services/images/photo/0012100000lErCWAA0,,,,,,,,,,00521000003HEFmAAO,2019-11-16T23:51:41.000+0000,00521000003HEFmAAO,2019-11-16T23:51:41.000+0000,00521000003HEFmAAO,2019-11-16T23:51:42.000+0000,,2019-11-16T23:51:42.000+0000,2019-11-16T23:51:42.000+0000,,,Pending,,,,,,,,,,rachele.illian
0012100000lErCXAA0,,,Nohemi Lesky,Customer,,14878 Lost River Court,Hughesville,MD,20637,USA,,,,"{""city"":""Hughesville"",""country"":""USA"",""geocodeAccuracy"":null,""latitude"":null,""longitude"":null,""postalCode"":""20637"",""state"":""MD"",""street"":""14878 Lost River Court""}",14878 Lost River Court,Hughesville,MD,20637,USA,,,,"{""city"":""Hughesville"",""country"":""USA"",""geocodeAccuracy"":null,""latitude"":null,""longitude"":null,""postalCode"":""20637"",""state"":""MD"",""street"":""14878 Lost River Court""}",(555) 182-8022,,,,/services/images/photo/0012100000lErCXAA0,,,,,,,,,,00521000003HEFmAAO,2019-11-16T23:51:41.000+0000,00521000003HEFmAAO,2019-11-16T23:51:41.000+0000,00521000003HEFmAAO,2019-11-16T23:51:42.000+0000,,2019-11-16T23:51:42.000+0000,2019-11-16T23:51:42.000+0000,,,Pending,,,,,,,,,,nohemi.lesky
0012100000lErCYAA0,,,Sergio Lampton,Customer,,4301 West Boy Scout Blvd,Tampa,FL,33607,USA,,,,"{""city"":""Tampa"",""country"":""USA"",""geocodeAccuracy"":null,""latitude"":null,""longitude"":null,""postalCode"":""33607"",""state"":""FL"",""street"":""4301 West Boy Scout Blvd""}",4301 West Boy Scout Blvd,Tampa,FL,33607,USA,,,,"{""city"":""Tampa"",""country"":""USA"",""geocodeAccuracy"":null,""latitude"":null,""longitude"":null,""postalCode"":""33607"",""state"":""FL"",""street"":""4301 West Boy Scout Blvd""}",(555) 212-1833,,,,/services/images/photo/0012100000lErCYAA0,,,,,,,,,,00521000003HEFmAAO,2019-11-16T23:51:41.000+0000,00521000003HEFmAAO,2019-11-16T23:51:41.000+0000,00521000003HEFmAAO,2019-11-16T23:51:42.000+0000,,2019-11-16T23:51:42.000+0000,2019-11-16T23:51:42.000+0000,,,Pending,,,,,,,,,,sergio.lampton
0012100000lErCZAA0,,,Saturnina Donaby,Customer,,818 Sparta Hwy,Milledgeville,GA,31061,USA,,,,"{""city"":""Milledgeville"",""country"":""USA"",""geocodeAccuracy"":null,""latitude"":null,""longitude"":null,""postalCode"":""31061"",""state"":""GA"",""street"":""818 Sparta Hwy""}",818 Sparta Hwy,Milledgeville,GA,31061,USA,,,,"{""city"":""Milledgeville"",""country"":""USA"",""geocodeAccuracy"":null,""latitude"":null,""longitude"":null,""postalCode"":""31061"",""state"":""GA"",""street"":""818 Sparta Hwy""}",(555) 586-7730,,,,/services/images/photo/0012100000lErCZAA0,,,,,,,,,,00521000003HEFmAAO,2019-11-16T23:51:41.000+0000,00521000003HEFmAAO,2019-11-16T23:51:41.000+0000,00521000003HEFmAAO,2019-11-16T23:51:42.000+0000,,2019-11-16T23:51:42.000+0000,2019-11-16T23:51:42.000+0000,,,Pending,,,,,,,,,,saturnina.donaby
0012100000lErCaAAK,,,Brain Morelock,Customer,,175 Dunlap Road,Craigmont,ID,83523,USA,,,,"{""city"":""Craigmont"",""country"":""USA"",""geocodeAccuracy"":null,""latitude"":null,""longitude"":null,""postalCode"":""83523"",""state"":""ID"",""street"":""175 Dunlap Road""}",175 Dunlap Road,Craigmont,ID,83523,USA,,,,"{""city"":""Craigmont"",""country"":""USA"",""geocodeAccuracy"":null,""latitude"":null,""longitude"":null,""postalCode"":""83523"",""state"":""ID"",""street"":""175 Dunlap Road""}",(555) 413-2217,,,,/services/images/photo/0012100000lErCaAAK,,,,,,,,,,00521000003HEFmAAO,2019-11-16T23:51:41.000+0000,00521000003HEFmAAO,2019-11-16T23:51:41.000+0000,00521000003HEFmAAO,2019-11-16T23:51:42.000+0000,,2019-11-16T23:51:42.000+0000,2019-11-16T23:51:42.000+0000,,,Pending,,,,,,,,,,brain.morelock
0012100000lErCbAAK,,,Stevie Sponaugle,Customer,,77820 Vineyard Canyon Road,San Miguel,CA,93451,USA,,,,"{""city"":""San Miguel"",""country"":""USA"",""geocodeAccuracy"":null,""latitude"":null,""longitude"":null,""postalCode"":""93451"",""state"":""CA"",""street"":""77820 Vineyard Canyon Road""}",77820 Vineyard Canyon Road,San Miguel,CA,93451,USA,,,,"{""city"":""San Miguel"",""country"":""USA"",""geocodeAccuracy"":null,""latitude"":null,""longitude"":null,""postalCode"":""93451"",""state"":""CA"",""street"":""77820 Vineyard Canyon Road""}",(555) 781-1132,,,,/services/images/photo/0012100000lErCbAAK,,,,,,,,,,00521000003HEFmAAO,2019-11-16T23:51:41.000+0000,00521000003HEFmAAO,2019-11-16T23:51:41.000+0000,00521000003HEFmAAO,2019-11-16T23:51:42.000+0000,,2019-11-16T23:51:42.000+0000,2019-11-16T23:51:42.000+0000,,,Pending,,,,,,,,,,stevie.sponaugle
0012100000lErCcAAK,,,Cristal Pokallas,Customer,,112 N El Rancho Rd,Santa Fe,NM,87501,USA,,,,"{""city"":""Santa Fe"",""country"":""USA"",""geocodeAccuracy"":null,""latitude"":null,""longitude"":null,""postalCode"":""87501"",""state"":""NM"",""street"":""112 N El Rancho Rd""}",112 N El Rancho Rd,Santa Fe,NM,87501,USA,,,,"{""city"":""Santa Fe"",""country"":""USA"",""geocodeAccuracy"":null,""latitude"":null,""longitude"":null,""postalCode"":""87501"",""state"":""NM"",""street"":""112 N El Rancho Rd""}",(555) 628-8811,,,,/services/images/photo/0012100000lErCcAAK,,,,,,,,,,00521000003HEFmAAO,2019-11-16T23:51:41.000+0000,00521000003HEFmAAO,2019-11-16T23:51:41.000+0000,00521000003HEFmAAO,2019-11-16T23:51:42.000+0000,,2019-11-16T23:51:42.000+0000,2019-11-16T23:51:42.000+0000,,,Pending,,,,,,,,,,cristal.pokallas
0012100000lErCdAAK,,,Bobbye Heisel,Customer,,7926 Droege Road,Decatur,IN,46733,USA,,,,"{""city"":""Decatur"",""country"":""USA"",""geocodeAccuracy"":null,""latitude"":null,""longitude"":null,""postalCode"":""46733"",""state"":""IN"",""street"":""7926 Droege Road""}",7926 Droege Road,Decatur,IN,46733,USA,,,,"{""city"":""Decatur"",""country"":""USA"",""geocodeAccuracy"":null,""latitude"":null,""longitude"":null,""postalCode"":""46733"",""state"":""IN"",""street"":""7926 Droege Road""}",(555) 912-4968,,,,/services/images/photo/0012100000lErCdAAK,,,,,,,,,,00521000003HEFmAAO,2019-11-16T23:51:41.000+0000,00521000003HEFmAAO,2019-11-16T23:51:41.000+0000,00521000003HEFmAAO,2019-11-16T23:51:42.000+0000,,2019-11-16T23:51:42.000+0000,2019-11-16T23:51:42.000+0000,,,Pending,,,,,,,,,,bobbye.heisel
0012100000lErCeAAK,,,Candida Caddick,Customer,,900 Bulldog Run,Rolla,MO,65401,USA,,,,"{""city"":""Rolla"",""country"":""USA"",""geocodeAccuracy"":null,""latitude"":null,""longitude"":null,""postalCode"":""65401"",""state"":""MO"",""street"":""900 Bulldog Run""}",900 Bulldog Run,Rolla,MO,65401,USA,,,,"{""city"":""Rolla"",""country"":""USA"",""geocodeAccuracy"":null,""latitude"":null,""longitude"":null,""postalCode"":""65401"",""state"":""MO"",""street"":""900 Bulldog Run""}",(555) 389-9936,,,,/services/images/photo/0012100000lErCeAAK,,,,,,,,,,00521000003HEFmAAO,2019-11-16T23:51:41.000+0000,00521000003HEFmAAO,2019-11-16T23:51:41.000+0000,00521000003HEFmAAO,2019-11-16T23:51:42.000+0000,,2019-11-16T23:51:42.000+0000,2019-11-16T23:51:42.000+0000,,,Pending,,,,,,,,,,candida.caddick
0012100000lErCfAAK,,,Onie Henshall,Customer,,541 SW Georgetown Way,Beaverton,OR,97006,USA,,,,"{""city"":""Beaverton"",""country"":""USA"",""geocodeAccuracy"":null,""latitude"":null,""longitude"":null,""postalCode"":""97006"",""state"":""OR"",""street"":""541 SW Georgetown Way""}",541 SW Georgetown Way,Beaverton,OR,97006,USA,,,,"{""city"":""Beaverton"",""country"":""USA"",""geocodeAccuracy"":null,""latitude"":null,""longitude"":null,""postalCode"":""97006"",""state"":""OR"",""street"":""541 SW Georgetown Way""}",(555) 609-6162,,,,/services/images/photo/0012100000lErCfAAK,,,,,,,,,,00521000003HEFmAAO,2019-11-16T23:51:41.000+0000,00521000003HEFmAAO,2019-11-16T23:51:41.000+0000,00521000003HEFmAAO,2019-11-16T23:51:42.000+0000,,2019-11-16T23:51:42.000+0000,2019-11-16T23:51:42.000+0000,,,Pending,,,,,,,,,,onie.henshall
0012100000lErCgAAK,,,Azzie Kravetsky,Customer,,818 Sparta Hwy,Milledgeville,GA,31061,USA,,,,"{""city"":""Milledgeville"",""country"":""USA"",""geocodeAccuracy"":null,""latitude"":null,""longitude"":null,""postalCode"":""31061"",""state"":""GA"",""street"":""818 Sparta Hwy""}",818 Sparta Hwy,Milledgeville,GA,31061,USA,,,,"{""city"":""Milledgeville"",""country"":""USA"",""geocodeAccuracy"":null,""latitude"":null,""longitude"":null,""postalCode"":""31061"",""state"":""GA"",""street"":""818 Sparta Hwy""}",(555) 861-9734,,,,/services/images/photo/0012100000lErCgAAK,,,,,,,,,,00521000003HEFmAAO,2019-11-16T23:51:41.000+0000,00521000003HEFmAAO,2019-11-16T23:51:41.000+0000,00521000003HEFmAAO,2019-11-16T23:51:42.000+0000,,2019-11-16T23:51:42.000+0000,2019-11-16T23:51:42.000+0000,,,Pending,,,,,,,,,,azzie.kravetsky
0012100000lErChAAK,,,Shanika Terr,Customer,,206 De Korra Ln,Wisconsin Dells,WI,53965,USA,,,,"{""city"":""Wisconsin Dells"",""country"":""USA"",""geocodeAccuracy"":null,""latitude"":null,""longitude"":null,""postalCode"":""53965"",""state"":""WI"",""street"":""206 De Korra Ln""}",206 De Korra Ln,Wisconsin Dells,WI,53965,USA,,,,"{""city"":""Wisconsin Dells"",""country"":""USA"",""geocodeAccuracy"":null,""latitude"":null,""longitude"":null,""postalCode"":""53965"",""state"":""WI"",""street"":""206 De Korra Ln""}",(555) 218-4928,,,,/services/images/photo/0012100000lErChAAK,,,,,,,,,,00521000003HEFmAAO,2019-11-16T23:51:41.000+0000,00521000003HEFmAAO,2019-11-16T23:51:41.000+0000,00521000003HEFmAAO,2019-11-16T23:51:42.000+0000,,2019-11-16T23:51:42.000+0000,2019-11-16T23:51:42.000+0000,,,Pending,,,,,,,,,,shanika.terr
0012100000lErCiAAK,,,Enda Boisjolie,Customer,,1541 E 4th St,Casper,WY,82601,USA,,,,"{""city"":""Casper"",""country"":""USA"",""geocodeAccuracy"":null,""latitude"":null,""longitude"":null,""postalCode"":""82601"",""state"":""WY"",""street"":""1541 E 4th St""}",1541 E 4th St,Casper,WY,82601,USA,,,,"{""city"":""Casper"",""country"":""USA"",""geocodeAccuracy"":null,""latitude"":null,""longitude"":null,""postalCode"":""82601"",""state"":""WY"",""street"":""1541 E 4th St""}",(555) 239-4128,,,,/services/images/photo/0012100000lErCiAAK,,,,,,,,,,00521000003HEFmAAO,2019-11-16T23:51:41.000+0000,00521000003HEFmAAO,2019-11-16T23:51:41.000+0000,00521000003HEFmAAO,2019-11-16T23:51:42.000+0000,,2019-11-16T23:51:42.000+0000,2019-11-16T23:51:42.000+0000,,,Pending,,,,,,,,,,enda.boisjolie
0012100000lErCjAAK,,,Diann Rubloff,Customer,,174 Unnamed Road,Youngstown,FL,32466,USA,,,,"{""city"":""Youngstown"",""country"":""USA"",""geocodeAccuracy"":null,""latitude"":null,""longitude"":null,""postalCode"":""32466"",""state"":""FL"",""street"":""174 Unnamed Road""}",174 Unnamed Road,Youngstown,FL,32466,USA,,,,"{""city"":""Youngstown"",""country"":""USA"",""geocodeAccuracy"":null,""latitude"":null,""longitude"":null,""postalCode"":""32466"",""state"":""FL"",""street"":""174 Unnamed Road""}",(555) 585-6597,,,,/services/images/photo/0012100000lErCjAAK,,,,,,,,,,00521000003HEFmAAO,2019-11-16T23:51:41.000+0000,00521000003HEFmAAO,2019-11-16T23:51:41.000+0000,00521000003HEFmAAO,2019-11-16T23:51:42.000+0000,,2019-11-16T23:51:42.000+0000,2019-11-16T23:51:42.000+0000,,,Pending,,,,,,,,,,diann.rubloff
0012100000lErCkAAK,,,Salena Noyes,Customer,,620 N Westmoreland Rd,DeSoto,TX,75115,USA,,,,"{""city"":""DeSoto"",""country"":""USA"",""geocodeAccuracy"":null,""latitude"":null,""longitude"":null,""postalCode"":""75115"",""state"":""TX"",""street"":""620 N Westmoreland Rd""}",620 N Westmoreland Rd,DeSoto,TX,75115,USA,,,,"{""city"":""DeSoto"",""country"":""USA"",""geocodeAccuracy"":null,""latitude"":null,""longitude"":null,""postalCode"":""75115"",""state"":""TX"",""street"":""620 N Westmoreland Rd""}",(555) 298-7526,,,,/services/images/photo/0012100000lErCkAAK,,,,,,,,,,00521000003HEFmAAO,2019-11-16T23:51:41.000+0000,00521000003HEFmAAO,2019-11-16T23:51:41.000+0000,00521000003HEFmAAO,2019-11-16T23:51:42.000+0000,,2019-11-16T23:51:42.000+0000,2019-11-16T23:51:42.000+0000,,,Pending,,,,,,,,,,salena.noyes
0012100000lErClAAK,,,Marcellus Favian,Customer,,12825 East Mirabeau Parkway,Spokane,WA,99216,USA,,,,"{""city"":""Spokane"",""country"":""USA"",""geocodeAccuracy"":null,""latitude"":null,""longitude"":null,""postalCode"":""99216"",""state"":""WA"",""street"":""12825 East Mirabeau Parkway""}",12825 East Mirabeau Parkway,Spokane,WA,99216,USA,,,,"{""city"":""Spokane"",""country"":""USA"",""geocodeAccuracy"":null,""latitude"":null,""longitude"":null,""postalCode"":""99216"",""state"":""WA"",""street"":""12825 East Mirabeau Parkway""}",(555) 298-8640,,,,/services/images/photo/0012100000lErClAAK,,,,,,,,,,00521000003HEFmAAO,2019-11-16T23:51:41.000+0000,00521000003HEFmAAO,2019-11-16T23:51:41.000+0000,00521000003HEFmAAO,2019-11-16T23:51:42.000+0000,,2019-11-16T23:51:42.000+0000,2019-11-16T23:51:42.000+0000,,,Pending,,,,,,,,,,marcellus.favian
0012100000lErCmAAK,,,Kirsten Cupp,Customer,,23 Browns Lake Road,Helmville,MT,59843,USA,,,,"{""city"":""Helmville"",""country"":""USA"",""geocodeAccuracy"":null,""latitude"":null,""longitude"":null,""postalCode"":""59843"",""state"":""MT"",""street"":""23 Browns Lake Road""}",23 Browns Lake Road,Helmville,MT,59843,USA,,,,"{""city"":""Helmville"",""country"":""USA"",""geocodeAccuracy"":null,""latitude"":null,""longitude"":null,""postalCode"":""59843"",""state"":""MT"",""street"":""23 Browns Lake Road""}",(555) 189-7256,,,,/services/images/photo/0012100000lErCmAAK,,,,,,,,,,00521000003HEFmAAO,2019-11-16T23:51:41.000+0000,00521000003HEFmAAO,2019-11-16T23:51:41.000+0000,00521000003HEFmAAO,2019-11-16T23:51:42.000+0000,,2019-11-16T23:51:42.000+0000,2019-11-16T23:51:42.000+0000,,,Pending,,,,,,,,,,kirsten.cupp
0012100000lErCnAAK,,,Lilia Haer,Customer,,4561 Springdale Rd,Millbrook,AL,36054,USA,,,,"{""city"":""Millbrook"",""country"":""USA"",""geocodeAccuracy"":null,""latitude"":null,""longitude"":null,""postalCode"":""36054"",""state"":""AL"",""street"":""4561 Springdale Rd""}",4561 Springdale Rd,Millbrook,AL,36054,USA,,,,"{""city"":""Millbrook"",""country"":""USA"",""geocodeAccuracy"":null,""latitude"":null,""longitude"":null,""postalCode"":""36054"",""state"":""AL"",""street"":""4561 Springdale Rd""}",(555) 382-7775,,,,/services/images/photo/0012100000lErCnAAK,,,,,,,,,,00521000003HEFmAAO,2019-11-16T23:51:41.000+0000,00521000003HEFmAAO,2019-11-16T23:51:41.000+0000,00521000003HEFmAAO,2019-11-16T23:51:42.000+0000,,2019-11-16T23:51:42.000+0000,2019-11-16T23:51:42.000+0000,,,Pending,,,,,,,,,,lilia.haer
0012100000lErCoAAK,,,Justina Dalee,Customer,,84 Ocean Drive,Forest Home,AL,36030,USA,,,,"{""city"":""Forest Home"",""country"":""USA"",""geocodeAccuracy"":null,""latitude"":null,""longitude"":null,""postalCode"":""36030"",""state"":""AL"",""street"":""84 Ocean Drive""}",84 Ocean Drive,Forest Home,AL,36030,USA,,,,"{""city"":""Forest Home"",""country"":""USA"",""geocodeAccuracy"":null,""latitude"":null,""longitude"":null,""postalCode"":""36030"",""state"":""AL"",""street"":""84 Ocean Drive""}",(555) 913-3390,,,,/services/images/photo/0012100000lErCoAAK,,,,,,,,,,00521000003HEFmAAO,2019-11-16T23:51:41.000+0000,00521000003HEFmAAO,2019-11-16T23:51:41.000+0000,00521000003HEFmAAO,2019-11-16T23:51:42.000+0000,,2019-11-16T23:51:42.000+0000,2019-11-16T23:51:42.000+0000,,,Pending,,,,,,,,,,justina.dalee
0012100000lErCpAAK,,,Kirsten Descoteaux,Customer,,400 Grant Ave,Duquesne,PA,15110,USA,,,,"{""city"":""Duquesne"",""country"":""USA"",""geocodeAccuracy"":null,""latitude"":null,""longitude"":null,""postalCode"":""15110"",""state"":""PA"",""street"":""400 Grant Ave""}",400 Grant Ave,Duquesne,PA,15110,USA,,,,"{""city"":""Duquesne"",""country"":""USA"",""geocodeAccuracy"":null,""latitude"":null,""longitude"":null,""postalCode"":""15110"",""state"":""PA"",""street"":""400 Grant Ave""}",(555) 502-9461,,,,/services/images/photo/0012100000lErCpAAK,,,,,,,,,,00521000003HEFmAAO,2019-11-16T23:51:41.000+0000,00521000003HEFmAAO,2019-11-16T23:51:41.000+0000,00521000003HEFmAAO,2019-11-16T23:51:42.000+0000,,2019-11-16T23:51:42.000+0000,2019-11-16T23:51:42.000+0000,,,Pending,,,,,,,,,,kirsten.descoteaux
0012100000lErCqAAK,,,Jake Hagans,Customer,,12825 East Mirabeau Parkway,Spokane,WA,99216,USA,,,,"{""city"":""Spokane"",""country"":""USA"",""geocodeAccuracy"":null,""latitude"":null,""longitude"":null,""postalCode"":""99216"",""state"":""WA"",""street"":""12825 East Mirabeau Parkway""}",12825 East Mirabeau Parkway,Spokane,WA,99216,USA,,,,"{""city"":""Spokane"",""country"":""USA"",""geocodeAccuracy"":null,""latitude"":null,""longitude"":null,""postalCode"":""99216"",""state"":""WA"",""street"":""12825 East Mirabeau Parkway""}",(555) 921-7622,,,,/services/images/photo/0012100000lErCqAAK,,,,,,,,,,00521000003HEFmAAO,2019-11-16T23:51:42.000+0000,00521000003HEFmAAO,2019-11-16T23:51:42.000+0000,00521000003HEFmAAO,2019-11-16T23:51:42.000+0000,,2019-11-16T23:51:42.000+0000,2019-11-16T23:51:42.000+0000,,,Pending,,,,,,,,,,jakehagans
0012100000lErC9AAK,,,Dalia Schmeisser,Customer,,112 N El Rancho Rd,Santa Fe,NM,87501,USA,,,,"{""city"":""Santa Fe"",""country"":""USA"",""geocodeAccuracy"":null,""latitude"":null,""longitude"":null,""postalCode"":""87501"",""state"":""NM"",""street"":""112 N El Rancho Rd""}",112 N El Rancho Rd,Santa Fe,NM,87501,USA,,,,"{""city"":""Santa Fe"",""country"":""USA"",""geocodeAccuracy"":null,""latitude"":null,""longitude"":null,""postalCode"":""87501"",""state"":""NM"",""street"":""112 N El Rancho Rd""}",(555) 717-6908,,,,/services/images/photo/0012100000lErC9AAK,,,,,,,,,,00521000003HEFmAAO,2019-11-16T23:51:41.000+0000,00521000003HEFmAAO,2019-11-16T23:51:41.000+0000,00521000003HEFmAAO,2019-11-16T23:51:41.000+0000,,2019-11-16T23:51:42.000+0000,2019-11-16T23:51:42.000+0000,,,Pending,,,,,,,,,,dalia.schmeisser
0012100000lErCAAA0,,,Fannie Newkirk,Customer,,1335 Madison St NE,Salem,OR,97301,USA,,,,"{""city"":""Salem"",""country"":""USA"",""geocodeAccuracy"":null,""latitude"":null,""longitude"":null,""postalCode"":""97301"",""state"":""OR"",""street"":""1335 Madison St NE""}",1335 Madison St NE,Salem,OR,97301,USA,,,,"{""city"":""Salem"",""country"":""USA"",""geocodeAccuracy"":null,""latitude"":null,""longitude"":null,""postalCode"":""97301"",""state"":""OR"",""street"":""1335 Madison St NE""}",(555) 623-7244,,,,/services/images/photo/0012100000lErCAAA0,,,,,,,,,,00521000003HEFmAAO,2019-11-16T23:51:41.000+0000,00521000003HEFmAAO,2019-11-16T23:51:41.000+0000,00521000003HEFmAAO,2019-11-16T23:51:41.000+0000,,2019-11-16T23:51:42.000+0000,2019-11-16T23:51:42.000+0000,,,Pending,,,,,,,,,,fannie.newkirk
0012100000lErCBAA0,,,Dan Lien,Customer,,8629 238th Road,Nortonville,KS,66060,USA,,,,"{""city"":""Nortonville"",""country"":""USA"",""geocodeAccuracy"":null,""latitude"":null,""longitude"":null,""postalCode"":""66060"",""state"":""KS"",""street"":""8629 238th Road""}",8629 238th Road,Nortonville,KS,66060,USA,,,,"{""city"":""Nortonville"",""country"":""USA"",""geocodeAccuracy"":null,""latitude"":null,""longitude"":null,""postalCode"":""66060"",""state"":""KS"",""street"":""8629 238th Road""}",(555) 526-6269,,,,/services/images/photo/0012100000lErCBAA0,,,,,,,,,,00521000003HEFmAAO,2019-11-16T23:51:41.000+0000,00521000003HEFmAAO,2019-11-16T23:51:41.000+0000,00521000003HEFmAAO,2019-11-16T23:51:41.000+0000,,2019-11-16T23:51:42.000+0000,2019-11-16T23:51:42.000+0000,,,Pending,,,,,,,,,,dan.lien
0012100000lErCCAA0,,,Sabina Knapp,Customer,,22655 Fairfield Rd,St Augusta,MN,56301,USA,,,,"{""city"":""St Augusta"",""country"":""USA"",""geocodeAccuracy"":null,""latitude"":null,""longitude"":null,""postalCode"":""56301"",""state"":""MN"",""street"":""22655 Fairfield Rd""}",22655 Fairfield Rd,St Augusta,MN,56301,USA,,,,"{""city"":""St Augusta"",""country"":""USA"",""geocodeAccuracy"":null,""latitude"":null,""longitude"":null,""postalCode"":""56301"",""state"":""MN"",""street"":""22655 Fairfield Rd""}",(555) 807-5245,,,,/services/images/photo/0012100000lErCCAA0,,,,,,,,,,00521000003HEFmAAO,2019-11-16T23:51:41.000+0000,00521000003HEFmAAO,2019-11-16T23:51:41.000+0000,00521000003HEFmAAO,2019-11-16T23:51:41.000+0000,,2019-11-16T23:51:42.000+0000,2019-11-16T23:51:42.000+0000,,,Pending,,,,,,,,,,sabina.knapp
0012100000lErCDAA0,,,Annie Kaemingk,Customer,,87 Arizona 87,Coolidge,AZ,85128,USA,,,,"{""city"":""Coolidge"",""country"":""USA"",""geocodeAccuracy"":null,""latitude"":null,""longitude"":null,""postalCode"":""85128"",""state"":""AZ"",""street"":""87 Arizona 87""}",87 Arizona 87,Coolidge,AZ,85128,USA,,,,"{""city"":""Coolidge"",""country"":""USA"",""geocodeAccuracy"":null,""latitude"":null,""longitude"":null,""postalCode"":""85128"",""state"":""AZ"",""street"":""87 Arizona 87""}",(555) 385-8974,,,,/services/images/photo/0012100000lErCDAA0,,,,,,,,,,00521000003HEFmAAO,2019-11-16T23:51:41.000+0000,00521000003HEFmAAO,2019-11-16T23:51:41.000+0000,00521000003HEFmAAO,2019-11-16T23:51:41.000+0000,,2019-11-16T23:51:42.000+0000,2019-11-16T23:51:42.000+0000,,,Pending,,,,,,,,,,annie.kaemingk
0012100000lErCEAA0,,,Emory Peco,Customer,,361 Centennial Parkway,Louisville,CO,80027,USA,,,,"{""city"":""Louisville"",""country"":""USA"",""geocodeAccuracy"":null,""latitude"":null,""longitude"":null,""postalCode"":""80027"",""state"":""CO"",""street"":""361 Centennial Parkway""}",361 Centennial Parkway,Louisville,CO,80027,USA,,,,"{""city"":""Louisville"",""country"":""USA"",""geocodeAccuracy"":null,""latitude"":null,""longitude"":null,""postalCode"":""80027"",""state"":""CO"",""street"":""361 Centennial Parkway""}",(555) 556-3903,,,,/services/images/photo/0012100000lErCEAA0,,,,,,,,,,00521000003HEFmAAO,2019-11-16T23:51:41.000+0000,00521000003HEFmAAO,2019-11-16T23:51:41.000+0000,00521000003HEFmAAO,2019-11-16T23:51:41.000+0000,,2019-11-16T23:51:42.000+0000,2019-11-16T23:51:42.000+0000,,,Pending,,,,,,,,,,emory.peco
0012100000lErCFAA0,,,Lilli Deley,Customer,,112 N El Rancho Rd,Santa Fe,NM,87501,USA,,,,"{""city"":""Santa Fe"",""country"":""USA"",""geocodeAccuracy"":null,""latitude"":null,""longitude"":null,""postalCode"":""87501"",""state"":""NM"",""street"":""112 N El Rancho Rd""}",112 N El Rancho Rd,Santa Fe,NM,87501,USA,,,,"{""city"":""Santa Fe"",""country"":""USA"",""geocodeAccuracy"":null,""latitude"":null,""longitude"":null,""postalCode"":""87501"",""state"":""NM"",""street"":""112 N El Rancho Rd""}",(555) 628-5430,,,,/services/images/photo/0012100000lErCFAA0,,,,,,,,,,00521000003HEFmAAO,2019-11-16T23:51:41.000+0000,00521000003HEFmAAO,2019-11-16T23:51:41.000+0000,00521000003HEFmAAO,2019-11-16T23:51:41.000+0000,,2019-11-16T23:51:42.000+0000,2019-11-16T23:51:42.000+0000,,,Pending,,,,,,,,,,lilli.deley
0012100000lErCGAA0,,,Jamal Tritch,Customer,,950 East Paces Ferry Road NE,Atlanta,GA,30326,USA,,,,"{""city"":""Atlanta"",""country"":""USA"",""geocodeAccuracy"":null,""latitude"":null,""longitude"":null,""postalCode"":""30326"",""state"":""GA"",""street"":""950 East Paces Ferry Road NE""}",950 East Paces Ferry Road NE,Atlanta,GA,30326,USA,,,,"{""city"":""Atlanta"",""country"":""USA"",""geocodeAccuracy"":null,""latitude"":null,""longitude"":null,""postalCode"":""30326"",""state"":""GA"",""street"":""950 East Paces Ferry Road NE""}",(555) 766-7565,,,,/services/images/photo/0012100000lErCGAA0,,,,,,,,,,00521000003HEFmAAO,2019-11-16T23:51:41.000+0000,00521000003HEFmAAO,2019-11-16T23:51:41.000+0000,00521000003HEFmAAO,2019-11-16T23:51:41.000+0000,,2019-11-16T23:51:42.000+0000,2019-11-16T23:51:42.000+0000,,,Pending,,,,,,,,,,jamal.tritch
0012100000lErCHAA0,,,Nella Chiras,Customer,,500 Boylston Street,Boston,MA,02116,USA,,,,"{""city"":""Boston"",""country"":""USA"",""geocodeAccuracy"":null,""latitude"":null,""longitude"":null,""postalCode"":""02116"",""state"":""MA"",""street"":""500 Boylston Street""}",500 Boylston Street,Boston,MA,02116,USA,,,,"{""city"":""Boston"",""country"":""USA"",""geocodeAccuracy"":null,""latitude"":null,""longitude"":null,""postalCode"":""02116"",""state"":""MA"",""street"":""500 Boylston Street""}",(555) 764-9899,,,,/services/images/photo/0012100000lErCHAA0,,,,,,,,,,00521000003HEFmAAO,2019-11-16T23:51:41.000+0000,00521000003HEFmAAO,2019-11-16T23:51:41.000+0000,00521000003HEFmAAO,2019-11-16T23:51:41.000+0000,,2019-11-16T23:51:42.000+0000,2019-11-16T23:51:42.000+0000,,,Pending,,,,,,,,,,nella.chiras
0012100000lErCIAA0,,,Moshe Merendino,Customer,,10105 Propps St NE,Albuquerque,NM,87112,USA,,,,"{""city"":""Albuquerque"",""country"":""USA"",""geocodeAccuracy"":null,""latitude"":null,""longitude"":null,""postalCode"":""87112"",""state"":""NM"",""street"":""10105 Propps St NE""}",10105 Propps St NE,Albuquerque,NM,87112,USA,,,,"{""city"":""Albuquerque"",""country"":""USA"",""geocodeAccuracy"":null,""latitude"":null,""longitude"":null,""postalCode"":""87112"",""state"":""NM"",""street"":""10105 Propps St NE""}",(555) 566-3407,,,,/services/images/photo/0012100000lErCIAA0,,,,,,,,,,00521000003HEFmAAO,2019-11-16T23:51:41.000+0000,00521000003HEFmAAO,2019-11-16T23:51:41.000+0000,00521000003HEFmAAO,2019-11-16T23:51:41.000+0000,,2019-11-16T23:51:42.000+0000,2019-11-16T23:51:42.000+0000,,,Pending,,,,,,,,,,moshe.merendino
0012100000lErCJAA0,,,Angle Guillermo,Customer,,145 County Road 88,Guffey,CO,80820,USA,,,,"{""city"":""Guffey"",""country"":""USA"",""geocodeAccuracy"":null,""latitude"":null,""longitude"":null,""postalCode"":""80820"",""state"":""CO"",""street"":""145 County Road 88""}",145 County Road 88,Guffey,CO,80820,USA,,,,"{""city"":""Guffey"",""country"":""USA"",""geocodeAccuracy"":null,""latitude"":null,""longitude"":null,""postalCode"":""80820"",""state"":""CO"",""street"":""145 County Road 88""}",(555) 248-4057,,,,/services/images/photo/0012100000lErCJAA0,,,,,,,,,,00521000003HEFmAAO,2019-11-16T23:51:41.000+0000,00521000003HEFmAAO,2019-11-16T23:51:41.000+0000,00521000003HEFmAAO,2019-11-16T23:51:42.000+0000,,2019-11-16T23:51:42.000+0000,2019-11-16T23:51:42.000+0000,,,Pending,,,,,,,,,,angle.guillermo
0012100000lErCKAA0,,,Sadie Abrell,Customer,,1335 Madison St NE,Salem,OR,97301,USA,,,,"{""city"":""Salem"",""country"":""USA"",""geocodeAccuracy"":null,""latitude"":null,""longitude"":null,""postalCode"":""97301"",""state"":""OR"",""street"":""1335 Madison St NE""}",1335 Madison St NE,Salem,OR,97301,USA,,,,"{""city"":""Salem"",""country"":""USA"",""geocodeAccuracy"":null,""latitude"":null,""longitude"":null,""postalCode"":""97301"",""state"":""OR"",""street"":""1335 Madison St NE""}",(555) 116-3549,,,,/services/images/photo/0012100000lErCKAA0,,,,,,,,,,00521000003HEFmAAO,2019-11-16T23:51:41.000+0000,00521000003HEFmAAO,2019-11-16T23:51:41.000+0000,00521000003HEFmAAO,2019-11-16T23:51:42.000+0000,,2019-11-16T23:51:42.000+0000,2019-11-16T23:51:42.000+0000,,,Pending,,,,,,,,,,sadie.abrell
0012100000lErCLAA0,,,Sherron Carnicelli,Customer,,7926 Droege Road,Decatur,IN,46733,USA,,,,"{""city"":""Decatur"",""country"":""USA"",""geocodeAccuracy"":null,""latitude"":null,""longitude"":null,""postalCode"":""46733"",""state"":""IN"",""street"":""7926 Droege Road""}",7926 Droege Road,Decatur,IN,46733,USA,,,,"{""city"":""Decatur"",""country"":""USA"",""geocodeAccuracy"":null,""latitude"":null,""longitude"":null,""postalCode"":""46733"",""state"":""IN"",""street"":""7926 Droege Road""}",(555) 810-9651,,,,/services/images/photo/0012100000lErCLAA0,,,,,,,,,,00521000003HEFmAAO,2019-11-16T23:51:41.000+0000,00521000003HEFmAAO,2019-11-16T23:51:41.000+0000,00521000003HEFmAAO,2019-11-16T23:51:42.000+0000,,2019-11-16T23:51:42.000+0000,2019-11-16T23:51:42.000+0000,,,Pending,,,,,,,,,,sherron.carnicelli
0012100000lErCMAA0,,,Rich Siddons,Customer,,7139 Kilback Mountains,Antonito,CO,81120,USA,,,,"{""city"":""Antonito"",""country"":""USA"",""geocodeAccuracy"":null,""latitude"":null,""longitude"":null,""postalCode"":""81120"",""state"":""CO"",""street"":""7139 Kilback Mountains""}",7139 Kilback Mountains,Antonito,CO,81120,USA,,,,"{""city"":""Antonito"",""country"":""USA"",""geocodeAccuracy"":null,""latitude"":null,""longitude"":null,""postalCode"":""81120"",""state"":""CO"",""street"":""7139 Kilback Mountains""}",(555) 472-4185,,,,/services/images/photo/0012100000lErCMAA0,,,,,,,,,,00521000003HEFmAAO,2019-11-16T23:51:41.000+0000,00521000003HEFmAAO,2019-11-16T23:51:41.000+0000,00521000003HEFmAAO,2019-11-16T23:51:42.000+0000,,2019-11-16T23:51:42.000+0000,2019-11-16T23:51:42.000+0000,,,Pending,,,,,,,,,,rich.siddons
0012100000lErC2AAK,,,Curtis Dunleavy,Customer,,22655 Fairfield Rd,St Augusta,MN,56301,USA,,,,"{""city"":""St Augusta"",""country"":""USA"",""geocodeAccuracy"":null,""latitude"":null,""longitude"":null,""postalCode"":""56301"",""state"":""MN"",""street"":""22655 Fairfield Rd""}",22655 Fairfield Rd,St Augusta,MN,56301,USA,,,,"{""city"":""St Augusta"",""country"":""USA"",""geocodeAccuracy"":null,""latitude"":null,""longitude"":null,""postalCode"":""56301"",""state"":""MN"",""street"":""22655 Fairfield Rd""}",(555) 809-7571,,,,/services/images/photo/0012100000lErC2AAK,,,,,,,,,,00521000003HEFmAAO,2019-11-16T23:51:41.000+0000,00521000003HEFmAAO,2019-11-16T23:51:41.000+0000,00521000003HEFmAAO,2019-11-16T23:51:41.000+0000,,2019-11-16T23:51:42.000+0000,2019-11-16T23:51:42.000+0000,,,Pending,,,,,,,,,,curtis.dunleavy
0012100000lErC3AAK,,,Omar Cairone,Customer,,1335 Madison St NE,Salem,OR,97301,USA,,,,"{""city"":""Salem"",""country"":""USA"",""geocodeAccuracy"":null,""latitude"":null,""longitude"":null,""postalCode"":""97301"",""state"":""OR"",""street"":""1335 Madison St NE""}",1335 Madison St NE,Salem,OR,97301,USA,,,,"{""city"":""Salem"",""country"":""USA"",""geocodeAccuracy"":null,""latitude"":null,""longitude"":null,""postalCode"":""97301"",""state"":""OR"",""street"":""1335 Madison St NE""}",(555) 473-4875,,,,/services/images/photo/0012100000lErC3AAK,,,,,,,,,,00521000003HEFmAAO,2019-11-16T23:51:41.000+0000,00521000003HEFmAAO,2019-11-16T23:51:41.000+0000,00521000003HEFmAAO,2019-11-16T23:51:41.000+0000,,2019-11-16T23:51:42.000+0000,2019-11-16T23:51:42.000+0000,,,Pending,,,,,,,,,,omar.cairone
0012100000lErC4AAK,,,Leonore Fagnani,Customer,,23 Browns Lake Road,Helmville,MT,59843,USA,,,,"{""city"":""Helmville"",""country"":""USA"",""geocodeAccuracy"":null,""latitude"":null,""longitude"":null,""postalCode"":""59843"",""state"":""MT"",""street"":""23 Browns Lake Road""}",23 Browns Lake Road,Helmville,MT,59843,USA,,,,"{""city"":""Helmville"",""country"":""USA"",""geocodeAccuracy"":null,""latitude"":null,""longitude"":null,""postalCode"":""59843"",""state"":""MT"",""street"":""23 Browns Lake Road""}",(555) 793-3262,,,,/services/images/photo/0012100000lErC4AAK,,,,,,,,,,00521000003HEFmAAO,2019-11-16T23:51:41.000+0000,00521000003HEFmAAO,2019-11-16T23:51:41.000+0000,00521000003HEFmAAO,2019-11-16T23:51:41.000+0000,,2019-11-16T23:51:42.000+0000,2019-11-16T23:51:42.000+0000,,,Pending,,,,,,,,,,leonore.fagnani
0012100000lErC5AAK,,,Ngan Soucier,Customer,,1012 Grand River Dr NE,Ada,MI,49301,USA,,,,"{""city"":""Ada"",""country"":""USA"",""geocodeAccuracy"":null,""latitude"":null,""longitude"":null,""postalCode"":""49301"",""state"":""MI"",""street"":""1012 Grand River Dr NE""}",1012 Grand River Dr NE,Ada,MI,49301,USA,,,,"{""city"":""Ada"",""country"":""USA"",""geocodeAccuracy"":null,""latitude"":null,""longitude"":null,""postalCode"":""49301"",""state"":""MI"",""street"":""1012 Grand River Dr NE""}",(555) 781-1362,,,,/services/images/photo/0012100000lErC5AAK,,,,,,,,,,00521000003HEFmAAO,2019-11-16T23:51:41.000+0000,00521000003HEFmAAO,2019-11-16T23:51:41.000+0000,00521000003HEFmAAO,2019-11-16T23:51:41.000+0000,,2019-11-16T23:51:42.000+0000,2019-11-16T23:51:42.000+0000,,,Pending,,,,,,,,,,ngan.soucier
0012100000lErC6AAK,,,Merlene Koogler,Customer,,658 Gibraltar Ct,Milpitas,CA,95035,USA,,,,"{""city"":""Milpitas"",""country"":""USA"",""geocodeAccuracy"":null,""latitude"":null,""longitude"":null,""postalCode"":""95035"",""state"":""CA"",""street"":""658 Gibraltar Ct""}",658 Gibraltar Ct,Milpitas,CA,95035,USA,,,,"{""city"":""Milpitas"",""country"":""USA"",""geocodeAccuracy"":null,""latitude"":null,""longitude"":null,""postalCode"":""95035"",""state"":""CA"",""street"":""658 Gibraltar Ct""}",(555) 823-8402,,,,/services/images/photo/0012100000lErC6AAK,,,,,,,,,,00521000003HEFmAAO,2019-11-16T23:51:41.000+0000,00521000003HEFmAAO,2019-11-16T23:51:41.000+0000,00521000003HEFmAAO,2019-11-16T23:51:41.000+0000,,2019-11-16T23:51:42.000+0000,2019-11-16T23:51:42.000+0000,,,Pending,,,,,,,,,,merlene.koogler
0012100000lErC7AAK,,,Elba Pacenta,Customer,,30303 SE Lusted Rd,Gresham,OR,97080,USA,,,,"{""city"":""Gresham"",""country"":""USA"",""geocodeAccuracy"":null,""latitude"":null,""longitude"":null,""postalCode"":""97080"",""state"":""OR"",""street"":""30303 SE Lusted Rd""}",30303 SE Lusted Rd,Gresham,OR,97080,USA,,,,"{""city"":""Gresham"",""country"":""USA"",""geocodeAccuracy"":null,""latitude"":null,""longitude"":null,""postalCode"":""97080"",""state"":""OR"",""street"":""30303 SE Lusted Rd""}",(555) 207-2832,,,,/services/images/photo/0012100000lErC7AAK,,,,,,,,,,00521000003HEFmAAO,2019-11-16T23:51:41.000+0000,00521000003HEFmAAO,2019-11-16T23:51:41.000+0000,00521000003HEFmAAO,2019-11-16T23:51:41.000+0000,,2019-11-16T23:51:42.000+0000,2019-11-16T23:51:42.000+0000,,,Pending,,,,,,,,,,elba.pacenta
0012100000lErC8AAK,,,Sook Turman,Customer,,3604 84th St E,Tacoma,WA,98446,USA,,,,"{""city"":""Tacoma"",""country"":""USA"",""geocodeAccuracy"":null,""latitude"":null,""longitude"":null,""postalCode"":""98446"",""state"":""WA"",""street"":""3604 84th St E""}",3604 84th St E,Tacoma,WA,98446,USA,,,,"{""city"":""Tacoma"",""country"":""USA"",""geocodeAccuracy"":null,""latitude"":null,""longitude"":null,""postalCode"":""98446"",""state"":""WA"",""street"":""3604 84th St E""}",(555) 725-2452,,,,/services/images/photo/0012100000lErC8AAK,,,,,,,,,,00521000003HEFmAAO,2019-11-16T23:51:41.000+0000,00521000003HEFmAAO,2019-11-16T23:51:41.000+0000,00521000003HEFmAAO,2019-11-16T23:51:41.000+0000,,2019-11-16T23:51:42.000+0000,2019-11-16T23:51:42.000+0000,,,Pending,,,,,,,,,,sook.turman
